嘉義市緊急救護責任醫院名單,緊急醫療能力分級,地址,總機,專線,gs84aY,wgs84aX,dataType
戴德森醫療財團法人嘉義基督教醫院,重度,嘉義市東區中庄里忠孝路539號,2765041#1991、1999,2765041,23.4994174,120.4479793,緊急救護
天主教中華聖母修女會醫療財團法人天主教聖馬爾定醫院,中度,嘉義市東區短竹里大雅路二段565號,2756000#2007、2103,2764858,23.4773947,120.4658305,緊急救護
衛生福利部嘉義醫院,中度,嘉義市北港路312號,2319090#2043、2047,2319090,23.4810044,120.4261847,緊急救護
陽明醫院,一般,嘉義市吳鳳北路252號,2252000#1551、1552,2284567,23.480131,120.450933,緊急救護
臺中榮民總醫嘉義榮民醫院嘉義分院,中度,嘉義市西區劉厝里世賢路二段600號,2359630#5668、5669,2357750,23.4674154,120.4208063,緊急救護
